date,indexation,maturity,value
Jan 1992,nominal,1,NA
Jan 1992,real,10,3.2895238095
Jan 1992,nominal,10,NA
Jan 1992,real,1,3.9133333333
Feb 1992,nominal,1,NA
Feb 1992,real,10,3.328
Feb 1992,nominal,10,NA
Feb 1992,real,1,3.651
Mar 1992,nominal,1,NA
Mar 1992,real,10,3.145
Mar 1992,nominal,10,NA
Mar 1992,real,1,2.2863636364
Apr 1992,nominal,1,NA
Apr 1992,real,10,3.1827272727
Apr 1992,nominal,10,NA
Apr 1992,real,1,2.7627272727
May 1992,nominal,1,NA
May 1992,real,10,2.9335
May 1992,nominal,10,NA
May 1992,real,1,2.4045
Jun 1992,nominal,1,NA
Jun 1992,real,10,2.525
Jun 1992,nominal,10,NA
Jun 1992,real,1,1.38
Jul 1992,nominal,1,NA
Jul 1992,real,10,2.3631818182
Jul 1992,nominal,10,NA
Jul 1992,real,1,1.2868181818
Aug 1992,nominal,1,NA
Aug 1992,real,10,2.6395238095
Aug 1992,nominal,10,NA
Aug 1992,real,1,1.5304761905
Sep 1992,nominal,1,NA
Sep 1992,real,10,2.2255
Sep 1992,nominal,10,NA
Sep 1992,real,1,1.186
Oct 1992,nominal,1,NA
Oct 1992,real,10,2.3976470588
Oct 1992,nominal,10,NA
Oct 1992,real,1,1.7970588235
Nov 1992,nominal,1,NA
Nov 1992,real,10,2.21
Nov 1992,nominal,10,NA
Nov 1992,real,1,1.2577272727
Dec 1992,nominal,1,NA
Dec 1992,real,10,2.0986956522
Dec 1992,nominal,10,NA
Dec 1992,real,1,0.5017391304
Jan 1993,nominal,1,NA
Jan 1993,real,10,2.000952381
Jan 1993,nominal,10,NA
Jan 1993,real,1,0.3161904762
Feb 1993,nominal,1,NA
Feb 1993,real,10,2.3235
Feb 1993,nominal,10,NA
Feb 1993,real,1,1.882
Mar 1993,nominal,1,NA
Mar 1993,real,10,2.7140909091
Mar 1993,nominal,10,NA
Mar 1993,real,1,2.8813636364
Apr 1993,nominal,1,NA
Apr 1993,real,10,3.1755555556
Apr 1993,nominal,10,NA
Apr 1993,real,1,4.2005555556
May 1993,nominal,1,NA
May 1993,real,10,3.4042857143
May 1993,nominal,10,NA
May 1993,real,1,4.4495238095
Jun 1993,nominal,1,NA
Jun 1993,real,10,3.4022727273
Jun 1993,nominal,10,NA
Jun 1993,real,1,4.2709090909
Jul 1993,nominal,1,NA
Jul 1993,real,10,3.567
Jul 1993,nominal,10,NA
Jul 1993,real,1,4.6595
Aug 1993,nominal,1,NA
Aug 1993,real,10,3.4882608696
Aug 1993,nominal,10,NA
Aug 1993,real,1,4.0882608696
Sep 1993,nominal,1,NA
Sep 1993,real,10,3.2485
Sep 1993,nominal,10,NA
Sep 1993,real,1,3.225
Oct 1993,nominal,1,NA
Oct 1993,real,10,3.2205
Oct 1993,nominal,10,NA
Oct 1993,real,1,2.7885
Nov 1993,nominal,1,NA
Nov 1993,real,10,2.92
Nov 1993,nominal,10,NA
Nov 1993,real,1,2.1222727273
Dec 1993,nominal,1,NA
Dec 1993,real,10,2.7159090909
Dec 1993,nominal,10,NA
Dec 1993,real,1,1.66
Jan 1994,nominal,1,NA
Jan 1994,real,10,2.7786363636
Jan 1994,nominal,10,NA
Jan 1994,real,1,2.3045454545
Feb 1994,nominal,1,NA
Feb 1994,real,10,2.954
Feb 1994,nominal,10,NA
Feb 1994,real,1,3.4255
Mar 1994,nominal,1,NA
Mar 1994,real,10,3.1995454545
Mar 1994,nominal,10,NA
Mar 1994,real,1,3.85
Apr 1994,nominal,1,NA
Apr 1994,real,10,3.2227777778
Apr 1994,nominal,10,NA
Apr 1994,real,1,4.1294444444
May 1994,nominal,1,NA
May 1994,real,10,3.2252380952
May 1994,nominal,10,NA
May 1994,real,1,2.959047619
Jun 1994,nominal,1,NA
Jun 1994,real,10,3.4886363636
Jun 1994,nominal,10,NA
Jun 1994,real,1,2.6990909091
Jul 1994,nominal,1,NA
Jul 1994,real,10,3.515
Jul 1994,nominal,10,NA
Jul 1994,real,1,2.3
Aug 1994,nominal,1,NA
Aug 1994,real,10,3.22
Aug 1994,nominal,10,NA
Aug 1994,real,1,2.1761904762
Sep 1994,nominal,1,NA
Sep 1994,real,10,3.1058333333
Sep 1994,nominal,10,NA
Sep 1994,real,1,2.4575
Oct 1994,nominal,1,NA
Oct 1994,real,10,3.3559090909
Oct 1994,nominal,10,NA
Oct 1994,real,1,3.0727272727
Nov 1994,nominal,1,NA
Nov 1994,real,10,3.4913636364
Nov 1994,nominal,10,NA
Nov 1994,real,1,3.1354545455
Dec 1994,nominal,1,NA
Dec 1994,real,10,3.7428571429
Dec 1994,nominal,10,NA
Dec 1994,real,1,3.6033333333
Jan 1995,nominal,1,NA
Jan 1995,real,10,3.9113043478
Jan 1995,nominal,10,NA
Jan 1995,real,1,4.677826087
Feb 1995,nominal,1,NA
Feb 1995,real,10,4.228
Feb 1995,nominal,10,NA
Feb 1995,real,1,5.0665
Mar 1995,nominal,1,NA
Mar 1995,real,10,4.2671428571
Mar 1995,nominal,10,NA
Mar 1995,real,1,4.6704761905
Apr 1995,nominal,1,NA
Apr 1995,real,10,4.5075
Apr 1995,nominal,10,NA
Apr 1995,real,1,5.2985
May 1995,nominal,1,NA
May 1995,real,10,4.4785714286
May 1995,nominal,10,NA
May 1995,real,1,4.989047619
Jun 1995,nominal,1,NA
Jun 1995,real,10,4.3655
Jun 1995,nominal,10,NA
Jun 1995,real,1,4.603
Jul 1995,nominal,1,NA
Jul 1995,real,10,4.4859090909
Jul 1995,nominal,10,NA
Jul 1995,real,1,5.0031818182
Aug 1995,nominal,1,NA
Aug 1995,real,10,4.4395454545
Aug 1995,nominal,10,NA
Aug 1995,real,1,4.6431818182
Sep 1995,nominal,1,NA
Sep 1995,real,10,4.3152941176
Sep 1995,nominal,10,NA
Sep 1995,real,1,4.4629411765
Oct 1995,nominal,1,NA
Oct 1995,real,10,4.5523529412
Oct 1995,nominal,10,NA
Oct 1995,real,1,5.1276470588
Nov 1995,nominal,1,NA
Nov 1995,real,10,4.5286363636
Nov 1995,nominal,10,NA
Nov 1995,real,1,5.0413636364
Dec 1995,nominal,1,NA
Dec 1995,real,10,4.3
Dec 1995,nominal,10,NA
Dec 1995,real,1,4.5561904762
Jan 1996,nominal,1,NA
Jan 1996,real,10,4.2591304348
Jan 1996,nominal,10,NA
Jan 1996,real,1,4.3713043478
Feb 1996,nominal,1,15.308
Feb 1996,real,10,4.3776190476
Feb 1996,nominal,10,NA
Feb 1996,real,1,4.4942857143
Mar 1996,nominal,1,15.983
Mar 1996,real,10,4.5195
Mar 1996,nominal,10,NA
Mar 1996,real,1,4.576
Apr 1996,nominal,1,16.635625
Apr 1996,real,10,4.443125
Apr 1996,nominal,10,NA
Apr 1996,real,1,4.504375
May 1996,nominal,1,16.664
May 1996,real,10,4.319
May 1996,nominal,10,NA
May 1996,real,1,3.709
Jun 1996,nominal,1,17.2466666667
Jun 1996,real,10,4.499047619
Jun 1996,nominal,10,NA
Jun 1996,real,1,4.0704761905
Jul 1996,nominal,1,16.9804761905
Jul 1996,real,10,4.8557142857
Jul 1996,nominal,10,NA
Jul 1996,real,1,5.380952381
Aug 1996,nominal,1,16.6185714286
Aug 1996,real,10,5.2019047619
Aug 1996,nominal,10,NA
Aug 1996,real,1,6.0633333333
Sep 1996,nominal,1,16.72
Sep 1996,real,10,4.9478947368
Sep 1996,nominal,10,NA
Sep 1996,real,1,5.4247368421
Oct 1996,nominal,1,16.4273913043
Oct 1996,real,10,4.647826087
Oct 1996,nominal,10,NA
Oct 1996,real,1,4.7508695652
Nov 1996,nominal,1,15.7955
Nov 1996,real,10,4.5565
Nov 1996,nominal,10,NA
Nov 1996,real,1,4.742
Dec 1996,nominal,1,15.1386363636
Dec 1996,real,10,4.49
Dec 1996,nominal,10,NA
Dec 1996,real,1,4.8254545455
Jan 1997,nominal,1,14.63
Jan 1997,real,10,4.3647619048
Jan 1997,nominal,10,NA
Jan 1997,real,1,4.5023809524
Feb 1997,nominal,1,14.267
Feb 1997,real,10,4.1925
Feb 1997,nominal,10,NA
Feb 1997,real,1,4.13
Mar 1997,nominal,1,14.4452380952
Mar 1997,real,10,4.2
Mar 1997,nominal,10,NA
Mar 1997,real,1,4.0114285714
Apr 1997,nominal,1,14.3177777778
Apr 1997,real,10,4.2577777778
Apr 1997,nominal,10,NA
Apr 1997,real,1,4.8027777778
May 1997,nominal,1,14.1442105263
May 1997,real,10,4.1826315789
May 1997,nominal,10,NA
May 1997,real,1,4.5915789474
Jun 1997,nominal,1,13.4355
Jun 1997,real,10,4.029
Jun 1997,nominal,10,NA
Jun 1997,real,1,4.685
Jul 1997,nominal,1,13.1430434783
Jul 1997,real,10,3.8852173913
Jul 1997,nominal,10,NA
Jul 1997,real,1,3.5047826087
Aug 1997,nominal,1,13.4955
Aug 1997,real,10,3.782
Aug 1997,nominal,10,NA
Aug 1997,real,1,3.915
Sep 1997,nominal,1,13.51
Sep 1997,real,10,3.8452380952
Sep 1997,nominal,10,NA
Sep 1997,real,1,4.9447619048
Oct 1997,nominal,1,13.358125
Oct 1997,real,10,3.865625
Oct 1997,nominal,10,NA
Oct 1997,real,1,5.27375
Nov 1997,nominal,1,13.3866666667
Nov 1997,real,10,4.0066666667
Nov 1997,nominal,10,NA
Nov 1997,real,1,4.81
Dec 1997,nominal,1,13.1355
Dec 1997,real,10,4.164
Dec 1997,nominal,10,NA
Dec 1997,real,1,5.682
Jan 1998,nominal,1,12.7914285714
Jan 1998,real,10,4.5504761905
Jan 1998,nominal,10,NA
Jan 1998,real,1,5.3185714286
Feb 1998,nominal,1,12.8065
Feb 1998,real,10,4.8065
Feb 1998,nominal,10,NA
Feb 1998,real,1,6.213
Mar 1998,nominal,1,12.2640909091
Mar 1998,real,10,4.9540909091
Mar 1998,nominal,10,NA
Mar 1998,real,1,7.1227272727
Apr 1998,nominal,1,12.1152631579
Apr 1998,real,10,4.87
Apr 1998,nominal,10,NA
Apr 1998,real,1,6.0063157895
May 1998,nominal,1,11.031
May 1998,real,10,5.0095
May 1998,nominal,10,NA
May 1998,real,1,6.822
Jun 1998,nominal,1,10.6313636364
Jun 1998,real,10,5.2363636364
Jun 1998,nominal,10,NA
Jun 1998,real,1,6.9913636364
Jul 1998,nominal,1,10.4813636364
Jul 1998,real,10,5.2495454545
Jul 1998,nominal,10,NA
Jul 1998,real,1,7.1431818182
Aug 1998,nominal,1,10.1471428571
Aug 1998,real,10,4.6871428571
Aug 1998,nominal,10,NA
Aug 1998,real,1,5.05
Sep 1998,nominal,1,10.5705882353
Sep 1998,real,10,4.6964705882
Sep 1998,nominal,10,NA
Sep 1998,real,1,4.5429411765
Oct 1998,nominal,1,12.1335294118
Oct 1998,real,10,4.7952941176
Oct 1998,nominal,10,NA
Oct 1998,real,1,3.3952941176
Nov 1998,nominal,1,13.2918181818
Nov 1998,real,10,5.0354545455
Nov 1998,nominal,10,NA
Nov 1998,real,1,4.4713636364
Dec 1998,nominal,1,12.7843478261
Dec 1998,real,10,5.192173913
Dec 1998,nominal,10,NA
Dec 1998,real,1,5.6273913043
Jan 1999,nominal,1,12.4652380952
Jan 1999,real,10,5.2861904762
Jan 1999,nominal,10,NA
Jan 1999,real,1,6.6561904762
Feb 1999,nominal,1,12.581
Feb 1999,real,10,5.2945
Feb 1999,nominal,10,NA
Feb 1999,real,1,7.1515
Mar 1999,nominal,1,12.0315789474
Mar 1999,real,10,5.0478947368
Mar 1999,nominal,10,NA
Mar 1999,real,1,6.7984210526
Apr 1999,nominal,1,11.896875
Apr 1999,real,10,5.079375
Apr 1999,nominal,10,NA
Apr 1999,real,1,6.485
May 1999,nominal,1,11.946
May 1999,real,10,5.0545
May 1999,nominal,10,NA
May 1999,real,1,5.4415
Jun 1999,nominal,1,11.8759090909
Jun 1999,real,10,5.1477272727
Jun 1999,nominal,10,NA
Jun 1999,real,1,6.1704545455
Jul 1999,nominal,1,11.4885
Jul 1999,real,10,5.2145
Jul 1999,nominal,10,NA
Jul 1999,real,1,6.671
Aug 1999,nominal,1,11.6165217391
Aug 1999,real,10,5.1917391304
Aug 1999,nominal,10,NA
Aug 1999,real,1,5.8465217391
Sep 1999,nominal,1,12.0215789474
Sep 1999,real,10,5.2489473684
Sep 1999,nominal,10,NA
Sep 1999,real,1,6.0521052632
Oct 1999,nominal,1,11.8552380952
Oct 1999,real,10,5.3257142857
Oct 1999,nominal,10,NA
Oct 1999,real,1,6.6042857143000004
Nov 1999,nominal,1,11.33
Nov 1999,real,10,5.3090909091
Nov 1999,nominal,10,NA
Nov 1999,real,1,7.2977272727
Dec 1999,nominal,1,10.7322727273
Dec 1999,real,10,5.1909090909
Dec 1999,nominal,10,NA
Dec 1999,real,1,7.4945454545
Jan 2000,nominal,1,9.7876190476
Jan 2000,real,10,5.3252380952
Jan 2000,nominal,10,NA
Jan 2000,real,1,7.560952381
Feb 2000,nominal,1,9.5252380952
Feb 2000,real,10,5.3323809524
Feb 2000,nominal,10,NA
Feb 2000,real,1,7.0328571429
Mar 2000,nominal,1,8.7057142857
Mar 2000,real,10,5.1961904762
Mar 2000,nominal,10,NA
Mar 2000,real,1,6.9838095238
Apr 2000,nominal,1,8.92
Apr 2000,real,10,5.1564705882
Apr 2000,nominal,10,NA
Apr 2000,real,1,6.8641176471
May 2000,nominal,1,9.4795238095
May 2000,real,10,5.189047619
May 2000,nominal,10,NA
May 2000,real,1,6.0680952381
Jun 2000,nominal,1,9.3835
Jun 2000,real,10,5.344
Jun 2000,nominal,10,NA
Jun 2000,real,1,6.3855
Jul 2000,nominal,1,9.1881818182
Jul 2000,real,10,5.5086363636
Jul 2000,nominal,10,NA
Jul 2000,real,1,6.9577272727
Aug 2000,nominal,1,8.9809090909
Aug 2000,real,10,5.7104545455
Aug 2000,nominal,10,NA
Aug 2000,real,1,7.2154545455
Sep 2000,nominal,1,8.695
Sep 2000,real,10,5.812
Sep 2000,nominal,10,NA
Sep 2000,real,1,7.4635
Oct 2000,nominal,1,8.757
Oct 2000,real,10,5.6425
Oct 2000,nominal,10,NA
Oct 2000,real,1,7.1715
Nov 2000,nominal,1,8.3631818182
Nov 2000,real,10,5.6686363636
Nov 2000,nominal,10,NA
Nov 2000,real,1,7.3195454545
Dec 2000,nominal,1,7.9519047619
Dec 2000,real,10,5.8228571429
Dec 2000,nominal,10,NA
Dec 2000,real,1,7.47
Jan 2001,nominal,1,7.6439130435
Jan 2001,real,10,5.6373913043
Jan 2001,nominal,10,NA
Jan 2001,real,1,7.1039130435
Feb 2001,nominal,1,7.2852631579
Feb 2001,real,10,5.35
Feb 2001,nominal,10,NA
Feb 2001,real,1,6.3052631579
Mar 2001,nominal,1,7.1561904762
Mar 2001,real,10,5.2038095238
Mar 2001,nominal,10,NA
Mar 2001,real,1,5.8566666667
Apr 2001,nominal,1,6.9184210526
Apr 2001,real,10,5.0794736842
Apr 2001,nominal,10,NA
Apr 2001,real,1,6.4084210526
May 2001,nominal,1,6.6042857143000004
May 2001,real,10,4.82
May 2001,nominal,10,6.48875
May 2001,real,1,5.8738095238
Jun 2001,nominal,1,6.3995
Jun 2001,real,10,NA
Jun 2001,nominal,10,6.39
Jun 2001,real,1,5.434
Jul 2001,nominal,1,6.2390909091
Jul 2001,real,10,NA
Jul 2001,nominal,10,6.6277272727
Jul 2001,real,1,5.0318181818
Aug 2001,nominal,1,6.5422727273
Aug 2001,real,10,NA
Aug 2001,nominal,10,7.2931818182
Aug 2001,real,1,4.5177272727
Sep 2001,nominal,1,6.86875
Sep 2001,real,10,4.6361538462
Sep 2001,nominal,10,8.064375
Sep 2001,real,1,4.136875
Oct 2001,nominal,1,6.3968421053
Oct 2001,real,10,4.6647368421
Oct 2001,nominal,10,7.4541176471
Oct 2001,real,1,4.6131578947
Nov 2001,nominal,1,5.9414285714
Nov 2001,real,10,4.7252380952
Nov 2001,nominal,10,NA
Nov 2001,real,1,4.9861904762
Dec 2001,nominal,1,5.0940909091
Dec 2001,real,10,4.3981818182
Dec 2001,nominal,10,NA
Dec 2001,real,1,4.2522727273
Jan 2002,nominal,1,4.2404347826
Jan 2002,real,10,3.8326086957
Jan 2002,nominal,10,NA
Jan 2002,real,1,2.3973913043
Feb 2002,nominal,1,4.6778947368
Feb 2002,real,10,4.0089473684
Feb 2002,nominal,10,NA
Feb 2002,real,1,2.4015789474
Mar 2002,nominal,1,5.5105263158
Mar 2002,real,10,4.4947368421
Mar 2002,nominal,10,NA
Mar 2002,real,1,3.8078947368
Apr 2002,nominal,1,6.0783333333
Apr 2002,real,10,5.0116666667
Apr 2002,nominal,10,NA
Apr 2002,real,1,3.4944444444
May 2002,nominal,1,6.5652380952
May 2002,real,10,5.3247619048
May 2002,nominal,10,NA
May 2002,real,1,3.4071428571
Jun 2002,nominal,1,8.829047619
Jun 2002,real,10,5.4171428571
Jun 2002,nominal,10,10.3566666667
Jun 2002,real,1,4.5657142857
Jul 2002,nominal,1,9.0336363636
Jul 2002,real,10,5.4345454545
Jul 2002,nominal,10,9.3345454545
Jul 2002,real,1,7.0836363636
Aug 2002,nominal,1,8.8804761905
Aug 2002,real,10,5.5433333333
Aug 2002,nominal,10,9.3161904762
Aug 2002,real,1,6.5314285714
Sep 2002,nominal,1,9.0531578947
Sep 2002,real,10,5.73
Sep 2002,nominal,10,10.4478947368
Sep 2002,real,1,6.2689473684
Oct 2002,nominal,1,9.5652173913
Oct 2002,real,10,5.8347826087
Oct 2002,nominal,10,11.6730434783
Oct 2002,real,1,6.397826087
Nov 2002,nominal,1,9.229
Nov 2002,real,10,5.8205
Nov 2002,nominal,10,11.4755
Nov 2002,real,1,5.8665
Dec 2002,nominal,1,8.3773913043
Dec 2002,real,10,5.6786956522
Dec 2002,nominal,10,10.79
Dec 2002,real,1,5.3665217391
Jan 2003,nominal,1,8.3852380952
Jan 2003,real,10,5.870952381
Jan 2003,nominal,10,NA
Jan 2003,real,1,5.3171428571
Feb 2003,nominal,1,8.8085
Feb 2003,real,10,5.824
Feb 2003,nominal,10,NA
Feb 2003,real,1,4.984
Mar 2003,nominal,1,8.5704761905
Mar 2003,real,10,5.745
Mar 2003,nominal,10,NA
Mar 2003,real,1,5.5633333333
Apr 2003,nominal,1,8.0447058824
Apr 2003,real,10,NA
Apr 2003,nominal,10,NA
Apr 2003,real,1,5.83
May 2003,nominal,1,7.4217647059
May 2003,real,10,4.99
May 2003,nominal,10,NA
May 2003,real,1,6.1423529412
Jun 2003,nominal,1,6.8580952381
Jun 2003,real,10,4.6038095238
Jun 2003,nominal,10,NA
Jun 2003,real,1,5.5014285714
Jul 2003,nominal,1,6.4182608696
Jul 2003,real,10,4.44
Jul 2003,nominal,10,NA
Jul 2003,real,1,4.5556521739
Aug 2003,nominal,1,6.1125
Aug 2003,real,10,4.7125
Aug 2003,nominal,10,NA
Aug 2003,real,1,4.5215
Sep 2003,nominal,1,5.8061904762
Sep 2003,real,10,4.6123809524
Sep 2003,nominal,10,NA
Sep 2003,real,1,4.7119047619
Oct 2003,nominal,1,5.4585
Oct 2003,real,10,4.3505
Oct 2003,nominal,10,NA
Oct 2003,real,1,4.442
Nov 2003,nominal,1,5.2580952381
Nov 2003,real,10,4.1885714286
Nov 2003,nominal,10,NA
Nov 2003,real,1,4.4428571429
Dec 2003,nominal,1,5.0830434783
Dec 2003,real,10,4.1460869565
Dec 2003,nominal,10,NA
Dec 2003,real,1,4.1013043478
Jan 2004,nominal,1,4.973
Jan 2004,real,10,3.9845
Jan 2004,nominal,10,NA
Jan 2004,real,1,3.4505
Feb 2004,nominal,1,5.1638095238
Feb 2004,real,10,4.1476190476
Feb 2004,nominal,10,NA
Feb 2004,real,1,3.4214285714
Mar 2004,nominal,1,5.0072727273
Mar 2004,real,10,4.2145454545
Mar 2004,nominal,10,NA
Mar 2004,real,1,3.59
Apr 2004,nominal,1,4.976
Apr 2004,real,10,4.3173333333
Apr 2004,nominal,10,NA
Apr 2004,real,1,3.606
May 2004,nominal,1,5.2865
May 2004,real,10,4.4105
May 2004,nominal,10,7.8715
May 2004,real,1,3.573
Jun 2004,nominal,1,5.0786363636
Jun 2004,real,10,4.2904545455
Jun 2004,nominal,10,7.8063636364
Jun 2004,real,1,3.66
Jul 2004,nominal,1,4.9005
Jul 2004,real,10,4.312
Jul 2004,nominal,10,7.7655
Jul 2004,real,1,3.517
Aug 2004,nominal,1,4.7591304348
Aug 2004,real,10,4.332173913
Aug 2004,nominal,10,7.9413043478
Aug 2004,real,1,3.157826087
Sep 2004,nominal,1,4.714375
Sep 2004,real,10,4.24125
Sep 2004,nominal,10,7.721875
Sep 2004,real,1,3.029375
Oct 2004,nominal,1,4.9547368421
Oct 2004,real,10,4.2226315789
Oct 2004,nominal,10,NA
Oct 2004,real,1,2.8715789474
Nov 2004,nominal,1,4.765
Nov 2004,real,10,4.24
Nov 2004,nominal,10,NA
Nov 2004,real,1,2.9418181818
Dec 2004,nominal,1,4.4395454545
Dec 2004,real,10,4.1359090909
Dec 2004,nominal,10,NA
Dec 2004,real,1,3.1081818182
Jan 2005,nominal,1,4.3245454545
Jan 2005,real,10,3.9704545455
Jan 2005,nominal,10,NA
Jan 2005,real,1,2.5790909091
Feb 2005,nominal,1,4.2625
Feb 2005,real,10,3.799
Feb 2005,nominal,10,NA
Feb 2005,real,1,1.9245
Mar 2005,nominal,1,4.1843478261
Mar 2005,real,10,3.7139130435
Mar 2005,nominal,10,NA
Mar 2005,real,1,1.4186956522
Apr 2005,nominal,1,4.1563157895
Apr 2005,real,10,3.7626315789
Apr 2005,nominal,10,NA
Apr 2005,real,1,2.0421052632
May 2005,nominal,1,4.0480952381
May 2005,real,10,3.6452380952
May 2005,nominal,10,NA
May 2005,real,1,2.4119047619
Jun 2005,nominal,1,3.9905
Jun 2005,real,10,3.695
Jun 2005,nominal,10,NA
Jun 2005,real,1,2.3885
Jul 2005,nominal,1,4.1604761905
Jul 2005,real,10,3.6442857143
Jul 2005,nominal,10,NA
Jul 2005,real,1,2.6161904762
Aug 2005,nominal,1,4.1913636364
Aug 2005,real,10,3.4740909091
Aug 2005,nominal,10,NA
Aug 2005,real,1,2.255
Sep 2005,nominal,1,4.2238095238
Sep 2005,real,10,3.2957142857
Sep 2005,nominal,10,NA
Sep 2005,real,1,1.9266666667
Oct 2005,nominal,1,NA
Oct 2005,real,10,3.3241666667
Oct 2005,nominal,10,NA
Oct 2005,real,1,2.8176923077
Nov 2005,nominal,1,NA
Nov 2005,real,10,NA
Nov 2005,nominal,10,NA
Nov 2005,real,1,2.7645454545
Dec 2005,nominal,1,NA
Dec 2005,real,10,NA
Dec 2005,nominal,10,NA
Dec 2005,real,1,3.4471428571
Jan 2006,nominal,1,5.4160869565
Jan 2006,real,10,NA
Jan 2006,nominal,10,NA
Jan 2006,real,1,3.2930434783
Feb 2006,nominal,1,5.6945
Feb 2006,real,10,NA
Feb 2006,nominal,10,6.4613333333
Feb 2006,real,1,3.313
Mar 2006,nominal,1,5.795
Mar 2006,real,10,NA
Mar 2006,nominal,10,6.5275
Mar 2006,real,1,3.607
Apr 2006,nominal,1,5.87
Apr 2006,real,10,NA
Apr 2006,nominal,10,6.5805882353
Apr 2006,real,1,3.7617647059
May 2006,nominal,1,5.8833333333
May 2006,real,10,NA
May 2006,nominal,10,6.4880952381
May 2006,real,1,3.79
Jun 2006,nominal,1,5.825
Jun 2006,real,10,NA
Jun 2006,nominal,10,6.503
Jun 2006,real,1,3.8055
Jul 2006,nominal,1,5.8645454545
Jul 2006,real,10,NA
Jul 2006,nominal,10,6.5154545455
Jul 2006,real,1,3.9422727273
Aug 2006,nominal,1,5.905
Aug 2006,real,10,NA
Aug 2006,nominal,10,6.42
Aug 2006,real,1,3.9318181818
Sep 2006,nominal,1,5.8478947368
Sep 2006,real,10,NA
Sep 2006,nominal,10,NA
Sep 2006,real,1,3.7636842105
Oct 2006,nominal,1,5.3552380952
Oct 2006,real,10,NA
Oct 2006,nominal,10,NA
Oct 2006,real,1,3.700952381
Nov 2006,nominal,1,5.2040909091
Nov 2006,real,10,NA
Nov 2006,nominal,10,NA
Nov 2006,real,1,3.5577272727
Dec 2006,nominal,1,5.09
Dec 2006,real,10,NA
Dec 2006,nominal,10,NA
Dec 2006,real,1,3.9176190476
Jan 2007,nominal,1,4.7034782609
Jan 2007,real,10,NA
Jan 2007,nominal,10,NA
Jan 2007,real,1,3.5586956522
Feb 2007,nominal,1,4.596
Feb 2007,real,10,NA
Feb 2007,nominal,10,5.35
Feb 2007,real,1,3.1835
Mar 2007,nominal,1,4.494
Mar 2007,real,10,NA
Mar 2007,nominal,10,5.3305
Mar 2007,real,1,2.8605
Apr 2007,nominal,1,4.073125
Apr 2007,real,10,NA
Apr 2007,nominal,10,5.068125
Apr 2007,real,1,3.503125
May 2007,nominal,1,3.7995238095
May 2007,real,10,NA
May 2007,nominal,10,4.879047619
May 2007,real,1,3.1333333333
Jun 2007,nominal,1,3.974
Jun 2007,real,10,NA
Jun 2007,nominal,10,5.371
Jun 2007,real,1,2.304
Jul 2007,nominal,1,4.1654545455
Jul 2007,real,10,NA
Jul 2007,nominal,10,5.7054545455
Jul 2007,real,1,2.2140909091
Aug 2007,nominal,1,4.7013636364
Aug 2007,real,10,NA
Aug 2007,nominal,10,6.1222727273
Aug 2007,real,1,2.4904545455
Sep 2007,nominal,1,4.8847058824
Sep 2007,real,10,NA
Sep 2007,nominal,10,NA
Sep 2007,real,1,3.0817647059
Oct 2007,nominal,1,4.6252380952
Oct 2007,real,10,NA
Oct 2007,nominal,10,NA
Oct 2007,real,1,3.229047619
Nov 2007,nominal,1,4.6385714286
Nov 2007,real,10,NA
Nov 2007,nominal,10,NA
Nov 2007,real,1,2.9528571429
Dec 2007,nominal,1,4.9422727273
Dec 2007,real,10,NA
Dec 2007,nominal,10,NA
Dec 2007,real,1,2.42
Jan 2008,nominal,1,4.9069565217
Jan 2008,real,10,3.4588235294
Jan 2008,nominal,10,NA
Jan 2008,real,1,1.7886956522
Feb 2008,nominal,1,4.461
Feb 2008,real,10,3.169
Feb 2008,nominal,10,NA
Feb 2008,real,1,1.6695
Mar 2008,nominal,1,3.8140909091
Mar 2008,real,10,3.0159090909
Mar 2008,nominal,10,NA
Mar 2008,real,1,0.8522727273
Apr 2008,nominal,1,3.7695238095
Apr 2008,real,10,3.1180952381
Apr 2008,nominal,10,NA
Apr 2008,real,1,0.6004761905
May 2008,nominal,1,4.1284210526
May 2008,real,10,3.1394736842
May 2008,nominal,10,NA
May 2008,real,1,0.57
Jun 2008,nominal,1,4.2836842105
Jun 2008,real,10,3.1068421053
Jun 2008,nominal,10,NA
Jun 2008,real,1,1.2926315789
Jul 2008,nominal,1,4.3231818182
Jul 2008,real,10,3.2136363636
Jul 2008,nominal,10,NA
Jul 2008,real,1,1.4313636364
Aug 2008,nominal,1,4.472
Aug 2008,real,10,3.23
Aug 2008,nominal,10,6.02
Aug 2008,real,1,1.8945
Sep 2008,nominal,1,4.5895
Sep 2008,real,10,3.3735
Sep 2008,nominal,10,5.9735
Sep 2008,real,1,2.0445
Oct 2008,nominal,1,3.8806666667
Oct 2008,real,10,3.9121428571
Oct 2008,nominal,10,6.1426666667
Oct 2008,real,1,2.8993333333
Nov 2008,nominal,1,3.3080952381
Nov 2008,real,10,NA
Nov 2008,nominal,10,6.3704761905
Nov 2008,real,1,3.7523809524
Dec 2008,nominal,1,2.2682608696
Dec 2008,real,10,NA
Dec 2008,nominal,10,5.2652173913
Dec 2008,real,1,3.7208695652
Jan 2009,nominal,1,1.6471428571
Jan 2009,real,10,NA
Jan 2009,nominal,10,5.060952381
Jan 2009,real,1,1.8123809524
Feb 2009,nominal,1,1.1178947368
Feb 2009,real,10,NA
Feb 2009,nominal,10,4.7347368421
Feb 2009,real,1,0.8536842105
Mar 2009,nominal,1,1.0659090909
Mar 2009,real,10,NA
Mar 2009,nominal,10,4.7118181818
Mar 2009,real,1,0.4609090909
Apr 2009,nominal,1,0.91625
Apr 2009,real,10,NA
Apr 2009,nominal,10,4.744375
Apr 2009,real,1,0.295625
May 2009,nominal,1,0.97
May 2009,real,10,NA
May 2009,nominal,10,5.2745
May 2009,real,1,-0.6895
Jun 2009,nominal,1,1.0136363636
Jun 2009,real,10,NA
Jun 2009,nominal,10,5.5331818182
Jun 2009,real,1,-1.0336363636
Jul 2009,nominal,1,0.8614285714
Jul 2009,real,10,NA
Jul 2009,nominal,10,5.3042857143
Jul 2009,real,1,-1.0433333333
Aug 2009,nominal,1,0.97
Aug 2009,real,10,2.7484210526
Aug 2009,nominal,10,5.3125
Aug 2009,real,1,-0.9536363636
Sep 2009,nominal,1,NA
Sep 2009,real,10,2.7726315789
Sep 2009,nominal,10,NA
Sep 2009,real,1,-0.6452631579
Oct 2009,nominal,1,1.85
Oct 2009,real,10,2.5180952381
Oct 2009,nominal,10,NA
Oct 2009,real,1,-0.5080952381
Nov 2009,nominal,1,1.8945454545
Nov 2009,real,10,2.3177272727
Nov 2009,nominal,10,4.9552631579
Nov 2009,real,1,-0.6940909091
Dec 2009,nominal,1,2.1486956522
Dec 2009,real,10,2.45
Dec 2009,nominal,10,5.127826087
Dec 2009,real,1,-0.7147826087
Jan 2010,nominal,1,2.1366666667
Jan 2010,real,10,2.4957142857
Jan 2010,nominal,10,5.119047619
Jan 2010,real,1,-1.0147619048
Feb 2010,nominal,1,2.0029658411
Feb 2010,real,10,2.4069213433
Feb 2010,nominal,10,4.9730785889
Feb 2010,real,1,-1.1491928744
Mar 2010,nominal,1,2.1503492833
Mar 2010,real,10,2.260050231
Mar 2010,nominal,10,4.9041183048
Mar 2010,real,1,-0.5036607139
Apr 2010,nominal,1,2.2398288524
Apr 2010,real,10,2.3151123129
Apr 2010,nominal,10,4.9715228812
Apr 2010,real,1,-0.1901702072
May 2010,nominal,1,2.163915419
May 2010,real,10,NA
May 2010,nominal,10,4.874318354
May 2010,real,1,-0.2922613897
Jun 2010,nominal,1,2.0876938041
Jun 2010,real,10,NA
Jun 2010,nominal,10,4.6944082968
Jun 2010,real,1,-0.5854616535
Jul 2010,nominal,1,1.997445747
Jul 2010,real,10,NA
Jul 2010,nominal,10,4.5830824605
Jul 2010,real,1,-0.7290712558
Aug 2010,nominal,1,2.1200790343
Aug 2010,real,10,NA
Aug 2010,nominal,10,4.46813405
Aug 2010,real,1,-0.4457997917
Sep 2010,nominal,1,2.1647447725
Sep 2010,real,10,NA
Sep 2010,nominal,10,NA
Sep 2010,real,1,-0.4719720208
Oct 2010,nominal,1,2.6027328371
Oct 2010,real,10,NA
Oct 2010,nominal,10,NA
Oct 2010,real,1,-0.6153887649
Nov 2010,nominal,1,2.6239725255
Nov 2010,real,10,NA
Nov 2010,nominal,10,NA
Nov 2010,real,1,-0.8297821845
Dec 2010,nominal,1,2.7120286086
Dec 2010,real,10,NA
Dec 2010,nominal,10,NA
Dec 2010,real,1,-0.66679881
Jan 2011,nominal,1,2.7568671168
Jan 2011,real,10,2.199784105
Jan 2011,nominal,10,NA
Jan 2011,real,1,-0.8563270558
Feb 2011,nominal,1,3.015468763
Feb 2011,real,10,2.286131727
Feb 2011,nominal,10,NA
Feb 2011,real,1,-1.232038784
Mar 2011,nominal,1,3.2932216136
Mar 2011,real,10,2.4531630632
Mar 2011,nominal,10,NA
Mar 2011,real,1,-0.2520006354
Apr 2011,nominal,1,3.5406083106
Apr 2011,real,10,2.6770832706
Apr 2011,nominal,10,NA
Apr 2011,real,1,0.5020235273
May 2011,nominal,1,3.5351358348
May 2011,real,10,2.6114530152
May 2011,nominal,10,NA
May 2011,real,1,0.4898685097
Jun 2011,nominal,1,3.5297794835
Jun 2011,real,10,2.536026072
Jun 2011,nominal,10,NA
Jun 2011,real,1,0.7186339982
Jul 2011,nominal,1,3.4571568871
Jul 2011,real,10,2.4469964914
Jul 2011,nominal,10,NA
Jul 2011,real,1,0.6890131493
Aug 2011,nominal,1,3.1916996714
Aug 2011,real,10,2.3549698377
Aug 2011,nominal,10,4.8522896886
Aug 2011,real,1,1.1415295006
Sep 2011,nominal,1,2.9486256895
Sep 2011,real,10,2.3420704037
Sep 2011,nominal,10,4.7321225668
Sep 2011,real,1,1.0565055737
Oct 2011,nominal,1,2.8511358217
Oct 2011,real,10,2.1677120789
Oct 2011,nominal,10,4.6368931111
Oct 2011,real,1,1.1251264976
Nov 2011,nominal,1,2.7470656332
Nov 2011,real,10,2.1845653645
Nov 2011,nominal,10,4.6498302195
Nov 2011,real,1,1.0158309455
Dec 2011,nominal,1,2.6658715229
Dec 2011,real,10,2.1547210357
Dec 2011,nominal,10,4.630960099
Dec 2011,real,1,0.8016924285
Jan 2012,nominal,1,2.487928477
Jan 2012,real,10,1.9660607948
Jan 2012,nominal,10,4.5067923543
Jan 2012,real,1,0.1640122988
Feb 2012,nominal,1,2.4930755853
Feb 2012,real,10,NA
Feb 2012,nominal,10,4.5852542905
Feb 2012,real,1,-0.3093483741
Mar 2012,nominal,1,2.5801659185
Mar 2012,real,10,NA
Mar 2012,nominal,10,4.72573556
Mar 2012,real,1,-0.1615864141
Apr 2012,nominal,1,2.6445294779
Apr 2012,real,10,2.2541552684
Apr 2012,nominal,10,4.6639992621
Apr 2012,real,1,0.0941496953
May 2012,nominal,1,2.5099430577
May 2012,real,10,2.21767643
May 2012,nominal,10,4.5294985677
May 2012,real,1,0.306644033
Jun 2012,nominal,1,2.2655089005
Jun 2012,real,10,2.1701239135
Jun 2012,nominal,10,4.384764731
Jun 2012,real,1,0.0903521506
Jul 2012,nominal,1,2.1069585941
Jul 2012,real,10,1.9757475445
Jul 2012,nominal,10,4.1281940409
Jul 2012,real,1,0.0204587829
Aug 2012,nominal,1,2.0533510659
Aug 2012,real,10,1.8906319086
Aug 2012,nominal,10,3.91302593
Aug 2012,real,1,-0.3262923453
Sep 2012,nominal,1,2.1768925833
Sep 2012,real,10,1.96891611
Sep 2012,nominal,10,NA
Sep 2012,real,1,-0.1295619489
Oct 2012,nominal,1,2.182059754
Oct 2012,real,10,1.777518569
Oct 2012,nominal,10,4.3523378485
Oct 2012,real,1,-0.234013074
Nov 2012,nominal,1,1.9090880952
Nov 2012,real,10,1.5752886462
Nov 2012,nominal,10,4.160818989
Nov 2012,real,1,-0.3641012191
Dec 2012,nominal,1,1.8431128868
Dec 2012,real,10,1.3551988214
Dec 2012,nominal,10,3.9724652909
Dec 2012,real,1,-0.3946941981
Jan 2013,nominal,1,1.74876747
Jan 2013,real,10,1.3838557518
Jan 2013,nominal,10,4.015947795
Jan 2013,real,1,-0.5193632033
Feb 2013,nominal,1,1.7248280721
Feb 2013,real,10,1.4877745732
Feb 2013,nominal,10,4.0504500074
Feb 2013,real,1,-0.6492659303
Mar 2013,nominal,1,1.6834399344
Mar 2013,real,10,1.4722341883
Mar 2013,nominal,10,3.9766693689
Mar 2013,real,1,-0.8769796151
Apr 2013,nominal,1,1.6866802974
Apr 2013,real,10,1.5965600994
Apr 2013,nominal,10,3.7244927716
Apr 2013,real,1,-0.3680953039
May 2013,nominal,1,1.473255134
May 2013,real,10,1.40956548
May 2013,nominal,10,3.5615561535
May 2013,real,1,-0.4093736762
Jun 2013,nominal,1,1.2853961743
Jun 2013,real,10,1.6444690738
Jun 2013,nominal,10,3.8036547429
Jun 2013,real,1,-0.3069545432
Jul 2013,nominal,1,1.1971300805
Jul 2013,real,10,1.6225553455
Jul 2013,nominal,10,3.7523425936
Jul 2013,real,1,-0.2127639286
Aug 2013,nominal,1,1.2143265457
Aug 2013,real,10,1.7176063914
Aug 2013,nominal,10,3.8667541881
Aug 2013,real,1,-0.1793004255
Sep 2013,nominal,1,1.2311587806
Sep 2013,real,10,1.8144489506
Sep 2013,nominal,10,3.950187688
Sep 2013,real,1,-0.0876372444
Oct 2013,nominal,1,1.0146032937
Oct 2013,real,10,1.5994318196
Oct 2013,nominal,10,NA
Oct 2013,real,1,-0.340626145
Nov 2013,nominal,1,0.9019596595
Nov 2013,real,10,1.4482957635
Nov 2013,nominal,10,NA
Nov 2013,real,1,-0.4422079796
Dec 2013,nominal,1,0.8972856986
Dec 2013,real,10,1.434064677
Dec 2013,nominal,10,NA
Dec 2013,real,1,-0.8635042478
Jan 2014,nominal,1,0.9268584957
Jan 2014,real,10,1.471258225
Jan 2014,nominal,10,3.6612648529
Jan 2014,real,1,-0.8268164155
Feb 2014,nominal,1,0.9032961586
Feb 2014,real,10,1.3457041605
Feb 2014,nominal,10,3.631176912
Feb 2014,real,1,-0.9712869212
Mar 2014,nominal,1,0.6500818056
Mar 2014,real,10,1.1294821462
Mar 2014,nominal,10,3.398364179
Mar 2014,real,1,-1.0377910698
Apr 2014,nominal,1,0.6730096104
Apr 2014,real,10,1.1415636061
Apr 2014,nominal,10,3.3941619922
Apr 2014,real,1,-0.7810502054
May 2014,nominal,1,0.6038340004
May 2014,real,10,0.9757959134
May 2014,nominal,10,3.0915512853
May 2014,real,1,-0.4200631667
Jun 2014,nominal,1,0.5952140618
Jun 2014,real,10,0.78637311
Jun 2014,nominal,10,2.8853009915
Jun 2014,real,1,-0.2117310814
Jul 2014,nominal,1,0.6144551195
Jul 2014,real,10,0.7252429187
Jul 2014,nominal,10,2.8168913943
Jul 2014,real,1,0.1780948345
Aug 2014,nominal,1,0.4640523775
Aug 2014,real,10,0.6550149317
Aug 2014,nominal,10,2.630317054
Aug 2014,real,1,0.4823991932
Sep 2014,nominal,1,0.2708655003
Sep 2014,real,10,0.5876636109
Sep 2014,nominal,10,2.4523730675
Sep 2014,real,1,0.1179373452
Oct 2014,nominal,1,0.1965336423
Oct 2014,real,10,0.4585827286
Oct 2014,nominal,10,NA
Oct 2014,real,1,0.6462974487
Nov 2014,nominal,1,0.2109966157
Nov 2014,real,10,0.4845847818
Nov 2014,nominal,10,NA
Nov 2014,real,1,NA
Dec 2014,nominal,1,0.3079383442
Dec 2014,real,10,0.606815519
Dec 2014,nominal,10,NA
Dec 2014,real,1,NA
Jan 2015,nominal,1,0.2372929472
Jan 2015,real,10,0.2949992014
Jan 2015,nominal,10,NA
Jan 2015,real,1,NA
Feb 2015,nominal,1,0.1670410095
Feb 2015,real,10,NA
Feb 2015,nominal,10,NA
Feb 2015,real,1,NA
Mar 2015,nominal,1,0.1115389523
Mar 2015,real,10,NA
Mar 2015,nominal,10,NA
Mar 2015,real,1,NA
Apr 2015,nominal,1,0.08139045
Apr 2015,real,10,NA
Apr 2015,nominal,10,NA
Apr 2015,real,1,NA
May 2015,nominal,1,0.0848734484
May 2015,real,10,NA
May 2015,nominal,10,1.9609980631
May 2015,real,1,-1.1938937055
Jun 2015,nominal,1,0.1189176187
Jun 2015,real,10,NA
Jun 2015,nominal,10,2.4222794159
Jun 2015,real,1,-1.0383698787
Jul 2015,nominal,1,0.129200807
Jul 2015,real,10,0.7906772021
Jul 2015,nominal,10,2.454905211
Jul 2015,real,1,-0.8029215459
Aug 2015,nominal,1,0.1081844004
Aug 2015,real,10,0.7180555512
Aug 2015,nominal,10,2.2498317905
Aug 2015,real,1,-0.383863196
Sep 2015,nominal,1,0.1197754205
Sep 2015,real,10,0.7361449549
Sep 2015,nominal,10,2.2743917267
Sep 2015,real,1,-0.3671506513
Oct 2015,nominal,1,0.1245208188
Oct 2015,real,10,0.5697447218
Oct 2015,nominal,10,2.0903433721
Oct 2015,real,1,-0.3758502308
Nov 2015,nominal,1,0.1695873877
Nov 2015,real,10,0.631971236
Nov 2015,nominal,10,2.1292270405
Nov 2015,real,1,-0.3649277242
Dec 2015,nominal,1,0.2170395592
Dec 2015,real,10,0.6430202549
Dec 2015,nominal,10,2.1375189748
Dec 2015,real,1,-0.1756121233
Jan 2016,nominal,1,0.1816813541
Jan 2016,real,10,0.5399180554
Jan 2016,nominal,10,1.9777685319
Jan 2016,real,1,-0.1864127197
Feb 2016,nominal,1,0.1087052257
Feb 2016,real,10,0.4038835177
Feb 2016,nominal,10,1.8103992829
Feb 2016,real,1,-0.3475764867
Mar 2016,nominal,1,0.1066555429
Mar 2016,real,10,0.3326747122
Mar 2016,nominal,10,1.77462269
Mar 2016,real,1,-0.6052435185
Apr 2016,nominal,1,0.1094291689
Apr 2016,real,10,0.2844190176
Apr 2016,nominal,10,NA
Apr 2016,real,1,-0.3214016679
May 2016,nominal,1,0.1324127955
May 2016,real,10,0.214413903
May 2016,nominal,10,1.8212910919
May 2016,real,1,-0.2035965745
Jun 2016,nominal,1,0.1125631804
Jun 2016,real,10,NA
Jun 2016,nominal,10,1.7596871205
Jun 2016,real,1,-0.0030075951
Jul 2016,nominal,1,0.1074789487
Jul 2016,real,10,NA
Jul 2016,nominal,10,1.6864643305
Jul 2016,real,1,0.1430217012
Aug 2016,nominal,1,0.1284345508
Aug 2016,real,10,NA
Aug 2016,nominal,10,1.7373118041
Aug 2016,real,1,0.2525449216
Sep 2016,nominal,1,0.1446046129
Sep 2016,real,10,NA
Sep 2016,nominal,10,1.7706256981
Sep 2016,real,1,-0.036364481
Oct 2016,nominal,1,0.1595030538
Oct 2016,real,10,NA
Oct 2016,nominal,10,1.8377498354
Oct 2016,real,1,0.1672093632
Nov 2016,nominal,1,0.1923809712
Nov 2016,real,10,NA
Nov 2016,nominal,10,2.0726228059
Nov 2016,real,1,0.0955153042
Dec 2016,nominal,1,0.2166177489
Dec 2016,real,10,NA
Dec 2016,nominal,10,2.2218982905
Dec 2016,real,1,-0.0085272379
Jan 2017,nominal,1,0.1799801376
Jan 2017,real,10,NA
Jan 2017,nominal,10,2.149851523
Jan 2017,real,1,0.0665752864
Feb 2017,nominal,1,0.1620245288
Feb 2017,real,10,NA
Feb 2017,nominal,10,2.165436447
Feb 2017,real,1,-0.0380874801
Mar 2017,nominal,1,0.1538998187
Mar 2017,real,10,NA
Mar 2017,nominal,10,2.1057280129
Mar 2017,real,1,0.1304734094
Apr 2017,nominal,1,0.1419126461
Apr 2017,real,10,NA
Apr 2017,nominal,10,2.0454238888
Apr 2017,real,1,0.0441934181
May 2017,nominal,1,0.1600671971
May 2017,real,10,0.6551057433
May 2017,nominal,10,2.1559287926
May 2017,real,1,0.0220065998
Jun 2017,nominal,1,0.1267389444
Jun 2017,real,10,0.6965673662
Jun 2017,nominal,10,2.0309072867
Jun 2017,real,1,0.145909704
Jul 2017,nominal,1,0.1067195437
Jul 2017,real,10,0.5839325446
Jul 2017,nominal,10,1.9742549909
Jul 2017,real,1,0.3927706191
Aug 2017,nominal,1,0.0943765788
Aug 2017,real,10,0.3799075071
Aug 2017,nominal,10,1.7447779455
Aug 2017,real,1,0.7332596653
Sep 2017,nominal,1,0.1005556156
Sep 2017,real,10,0.3570905473
Sep 2017,nominal,10,1.7239085717
Sep 2017,real,1,0.7067104466
Oct 2017,nominal,1,0.1066819581
Oct 2017,real,10,0.428688145
Oct 2017,nominal,10,NA
Oct 2017,real,1,0.8825498265
Nov 2017,nominal,1,0.1034963943
Nov 2017,real,10,0.3574417283
Nov 2017,nominal,10,NA
Nov 2017,real,1,NA
Dec 2017,nominal,1,0.1222246642
Dec 2017,real,10,NA
Dec 2017,nominal,10,NA
Dec 2017,real,1,NA
Jan 2018,nominal,1,0.130987343
Jan 2018,real,10,NA
Jan 2018,nominal,10,NA
Jan 2018,real,1,NA
Feb 2018,nominal,1,0.1354745095
Feb 2018,real,10,NA
Feb 2018,nominal,10,NA
Feb 2018,real,1,NA
Mar 2018,nominal,1,0.1372896146
Mar 2018,real,10,NA
Mar 2018,nominal,10,NA
Mar 2018,real,1,NA
Apr 2018,nominal,1,0.1451800257
Apr 2018,real,10,NA
Apr 2018,nominal,10,NA
Apr 2018,real,1,NA
May 2018,nominal,1,0.1817280643
May 2018,real,10,NA
May 2018,nominal,10,NA
May 2018,real,1,-0.787120033
Jun 2018,nominal,1,0.1682927495
Jun 2018,real,10,NA
Jun 2018,nominal,10,NA
Jun 2018,real,1,-0.9642218849
Jul 2018,nominal,1,0.1877685454
Jul 2018,real,10,NA
Jul 2018,nominal,10,2.1814786484
Jul 2018,real,1,-1.0924105958
Aug 2018,nominal,1,0.206872216
Aug 2018,real,10,NA
Aug 2018,nominal,10,2.155330795
Aug 2018,real,1,-1.0696711353
Sep 2018,nominal,1,0.2367658315
Sep 2018,real,10,NA
Sep 2018,nominal,10,2.2093609554
Sep 2018,real,1,-1.0541370423
Oct 2018,nominal,1,0.2513503956
Oct 2018,real,10,NA
Oct 2018,nominal,10,2.288581901
Oct 2018,real,1,-0.8988370938
Nov 2018,nominal,1,0.2664908423
Nov 2018,real,10,NA
Nov 2018,nominal,10,2.342053779
Nov 2018,real,1,-0.9164077252
Dec 2018,nominal,1,0.4785991443
Dec 2018,real,10,NA
Dec 2018,nominal,10,2.3485469291
Dec 2018,real,1,-1.0059074965
Jan 2019,nominal,1,0.4451124292
Jan 2019,real,10,NA
Jan 2019,nominal,10,2.1906325674
Jan 2019,real,1,-1.3526781865
Feb 2019,nominal,1,0.3231257515
Feb 2019,real,10,NA
Feb 2019,nominal,10,2.0306392025
Feb 2019,real,1,-1.705643153
Mar 2019,nominal,1,0.2826932783
Mar 2019,real,10,0.3693894511
Mar 2019,nominal,10,1.9593441079
Mar 2019,real,1,-1.572849825
Apr 2019,nominal,1,0.3250396799
Apr 2019,real,10,0.3393320658
Apr 2019,nominal,10,NA
Apr 2019,real,1,-1.0857745969000001
May 2019,nominal,1,0.3317713109
May 2019,real,10,0.2305279108
May 2019,nominal,10,NA
May 2019,real,1,-0.9081243351
Jun 2019,nominal,1,0.2819548304
Jun 2019,real,10,0.021226475
Jun 2019,nominal,10,NA
Jun 2019,real,1,-1.0585018179
Jul 2019,nominal,1,0.2794714321
Jul 2019,real,10,-0.0771575913
Jul 2019,nominal,10,NA
Jul 2019,real,1,-0.9926952059
Aug 2019,nominal,1,0.2192656334
Aug 2019,real,10,-0.4733203537
Aug 2019,nominal,10,NA
Aug 2019,real,1,-0.8879248353
Sep 2019,nominal,1,0.1775875779
Sep 2019,real,10,-0.4103445938
Sep 2019,nominal,10,NA
Sep 2019,real,1,-0.9249033991
Oct 2019,nominal,1,0.1751219133
Oct 2019,real,10,-0.5658237524
Oct 2019,nominal,10,NA
Oct 2019,real,1,-0.7926339779
Nov 2019,nominal,1,0.1203115336
Nov 2019,real,10,-0.5062159011
Nov 2019,nominal,10,1.0289526428
Nov 2019,real,1,-0.9230355735
Dec 2019,nominal,1,0.1345838527
Dec 2019,real,10,NA
Dec 2019,nominal,10,0.9555701165
Dec 2019,real,1,-0.9140319352
Jan 2020,nominal,1,0.1472674352
Jan 2020,real,10,NA
Jan 2020,nominal,10,0.8913267911
Jan 2020,real,1,-1.4207586823
Feb 2020,nominal,1,0.1446420531
Feb 2020,real,10,NA
Feb 2020,nominal,10,0.7705368125
Feb 2020,real,1,-1.427575461
Mar 2020,nominal,1,0.2167728766
Mar 2020,real,10,NA
Mar 2020,nominal,10,0.9418011623
Mar 2020,real,1,0.7238414773
Apr 2020,nominal,1,0.1183420063
Apr 2020,real,10,NA
Apr 2020,nominal,10,0.8531031927
Apr 2020,real,1,0.6508809214
May 2020,nominal,1,0.0533828745
May 2020,real,10,NA
May 2020,nominal,10,0.7878540689
May 2020,real,1,0.0104701132
Jun 2020,nominal,1,0.0423770012
Jun 2020,real,10,NA
Jun 2020,nominal,10,0.705019582
Jun 2020,real,1,-0.5123025057
Jul 2020,nominal,1,0.0158077667
Jul 2020,real,10,NA
Jul 2020,nominal,10,0.6332795846
Jul 2020,real,1,-0.0965499466
Aug 2020,nominal,1,0.0456040667
Aug 2020,real,10,NA
Aug 2020,nominal,10,0.6540372607
Aug 2020,real,1,-0.0727909902
Sep 2020,nominal,1,0.0552411207
Sep 2020,real,10,NA
Sep 2020,nominal,10,0.6974701226
Sep 2020,real,1,0.081681879600000007
Oct 2020,nominal,1,0.01330592
Oct 2020,real,10,NA
Oct 2020,nominal,10,NA
Oct 2020,real,1,0.5046462485
Nov 2020,nominal,1,0.0679446869
Nov 2020,real,10,NA
Nov 2020,nominal,10,NA
Nov 2020,real,1,0.0547867236
Dec 2020,nominal,1,0.0880795047
Dec 2020,real,10,NA
Dec 2020,nominal,10,NA
Dec 2020,real,1,-0.4838647016
Jan 2021,nominal,1,0.0135072607
Jan 2021,real,10,NA
Jan 2021,nominal,10,NA
Jan 2021,real,1,-1.7252386365
Feb 2021,nominal,1,0.0266410818
Feb 2021,real,10,NA
Feb 2021,nominal,10,NA
Feb 2021,real,1,NA
Mar 2021,nominal,1,0.0290806714
Mar 2021,real,10,NA
Mar 2021,nominal,10,NA
Mar 2021,real,1,NA
Apr 2021,nominal,1,0.0223628044
Apr 2021,real,10,NA
Apr 2021,nominal,10,NA
Apr 2021,real,1,-1.5132635384
May 2021,nominal,1,0.0469543375
May 2021,real,10,-0.604067091
May 2021,nominal,10,NA
May 2021,real,1,-1.807559561
Jun 2021,nominal,1,0.053072242
Jun 2021,real,10,-0.606301321
Jun 2021,nominal,10,NA
Jun 2021,real,1,-2.0571036259
Jul 2021,nominal,1,0.0153396524
Jul 2021,real,10,-0.6418781285
Jul 2021,nominal,10,NA
Jul 2021,real,1,-1.92108849
Aug 2021,nominal,1,0.0060293802
Aug 2021,real,10,-0.7699824647
Aug 2021,nominal,10,NA
Aug 2021,real,1,-1.9438008739
Sep 2021,nominal,1,0.0173144561
Sep 2021,real,10,-0.8808075451
Sep 2021,nominal,10,NA
Sep 2021,real,1,-2.2705058662
Oct 2021,nominal,1,0.0458721263
Oct 2021,real,10,-0.9857405556
Oct 2021,nominal,10,1.44956997
Oct 2021,real,1,-2.5207342676
Nov 2021,nominal,1,0.0372295279
Nov 2021,real,10,-1.1870542755
Nov 2021,nominal,10,1.3438191486
Nov 2021,real,1,-2.6419757868
Dec 2021,nominal,1,8.498925e-4
Dec 2021,real,10,-1.29676103
Dec 2021,nominal,10,1.2067658909
Dec 2021,real,1,-2.6449542236
Jan 2022,nominal,1,0.0315037925
Jan 2022,real,10,-1.2331122655
Jan 2022,nominal,10,1.4291523918
Jan 2022,real,1,-2.9981050136
Feb 2022,nominal,1,0.2919124213
Feb 2022,real,10,-0.7134551555
Feb 2022,nominal,10,1.7569339185
Feb 2022,real,1,-2.7555248045
Mar 2022,nominal,1,0.6285935937
Mar 2022,real,10,-0.5772555426
Mar 2022,nominal,10,2.1109495568
Mar 2022,real,1,-2.9611577355
Apr 2022,nominal,1,0.8341330373
Apr 2022,real,10,-0.3663852186
Apr 2022,nominal,10,2.3610893037
Apr 2022,real,1,-2.1950593511
May 2022,nominal,1,0.8693662341
May 2022,real,10,0.1104094481
May 2022,nominal,10,2.56036716
May 2022,real,1,-1.7847570729
Jun 2022,nominal,1,1.6045460267
Jun 2022,real,10,NA
Jun 2022,nominal,10,2.9701051524
Jun 2022,real,1,-1.647768
Jul 2022,nominal,1,1.6620331671
Jul 2022,real,10,NA
Jul 2022,nominal,10,2.5992456467
Jul 2022,real,1,-1.3986605305
Aug 2022,nominal,1,1.9480314195
Aug 2022,real,10,NA
Aug 2022,nominal,10,2.584616585
Aug 2022,real,1,-1.0453576094
Sep 2022,nominal,1,2.5461263017
Sep 2022,real,10,NA
Sep 2022,nominal,10,3.1035858417
Sep 2022,real,1,-1.0024421482
Oct 2022,nominal,1,2.9830547969
Oct 2022,real,10,NA
Oct 2022,nominal,10,3.3351427327
Oct 2022,real,1,-0.1013919064
Nov 2022,nominal,1,3.1543344338
Nov 2022,real,10,NA
Nov 2022,nominal,10,NA
Nov 2022,real,1,0.2445861763
Dec 2022,nominal,1,3.4126371329
Dec 2022,real,10,NA
Dec 2022,nominal,10,NA
Dec 2022,real,1,0.6603034269
Jan 2023,nominal,1,3.757610577
Jan 2023,real,10,NA
Jan 2023,nominal,10,NA
Jan 2023,real,1,0.9866529584
Feb 2023,nominal,1,4.1016277636
Feb 2023,real,10,NA
Feb 2023,nominal,10,NA
Feb 2023,real,1,0.8224117176
Mar 2023,nominal,1,4.3686380382
Mar 2023,real,10,NA
Mar 2023,nominal,10,NA
Mar 2023,real,1,1.0942246475
Apr 2023,nominal,1,4.3224648616
Apr 2023,real,10,NA
Apr 2023,nominal,10,NA
Apr 2023,real,1,1.3965488275
May 2023,nominal,1,4.3527829586
May 2023,real,10,NA
May 2023,nominal,10,NA
May 2023,real,1,1.7112328789
Jun 2023,nominal,1,4.3930676542
Jun 2023,real,10,NA
Jun 2023,nominal,10,NA
Jun 2023,real,1,1.7453704562
Jul 2023,nominal,1,4.4267455886
Jul 2023,real,10,NA
Jul 2023,nominal,10,NA
Jul 2023,real,1,2.0419799146
Aug 2023,nominal,1,4.505196692
Aug 2023,real,10,NA
Aug 2023,nominal,10,NA
Aug 2023,real,1,2.1843910712
Sep 2023,nominal,1,4.4361799011
Sep 2023,real,10,NA
Sep 2023,nominal,10,NA
Sep 2023,real,1,2.0082396619
Oct 2023,nominal,1,4.0889285053
Oct 2023,real,10,NA
Oct 2023,nominal,10,NA
Oct 2023,real,1,1.7280248974
Nov 2023,nominal,1,3.8873978447
Nov 2023,real,10,NA
Nov 2023,nominal,10,NA
Nov 2023,real,1,1.3619793545
Dec 2023,nominal,1,3.8144080921
Dec 2023,real,10,NA
Dec 2023,nominal,10,NA
Dec 2023,real,1,0.6098593417
Jan 2024,nominal,1,3.7993010106
Jan 2024,real,10,NA
Jan 2024,nominal,10,NA
Jan 2024,real,1,-0.3960613582
Feb 2024,nominal,1,3.734768452
Feb 2024,real,10,NA
Feb 2024,nominal,10,NA
Feb 2024,real,1,NA
